model,dataset,subset,method,n,mean_aopc,sem_aopc,formatted
LLaMA-3.2 1B,LAMBADA,all,Random,1000,-0.26083177531312834,0.008606314760689598,-0.261 ± 0.009
LLaMA-3.2 1B,LAMBADA,all,Integrated Gradients,1000,-1.0953011333687603,0.018563087252887942,-1.095 ± 0.019
LLaMA-3.2 1B,LAMBADA,all,Input × Gradient,1000,-1.2842518351710688,0.01973578607804874,-1.284 ± 0.020
LLaMA-3.2 1B,LAMBADA,all,Semantic Scope,1000,-1.2975074614611304,0.01972964123936429,-1.298 ± 0.020
LLaMA-3.2 1B,LAMBADA,all,Temperature Scope,1000,-1.3165351581684948,0.019075961763744077,-1.317 ± 0.019
LLaMA-3.2 1B,LAMBADA,all,Fisher Scope,1000,-1.3200660647840992,0.018415921348103385,-1.320 ± 0.018
LLaMA-3.2 1B,LAMBADA,correct_only,Random,699,-0.2958309543193492,0.011304855058207544,-0.296 ± 0.011
LLaMA-3.2 1B,LAMBADA,correct_only,Integrated Gradients,699,-1.2760845918014367,0.0210736836990836,-1.276 ± 0.021
LLaMA-3.2 1B,LAMBADA,correct_only,Input × Gradient,699,-1.522546923980664,0.020170524656876184,-1.523 ± 0.020
LLaMA-3.2 1B,LAMBADA,correct_only,Semantic Scope,699,-1.540016694438458,0.020039945283497455,-1.540 ± 0.020
LLaMA-3.2 1B,LAMBADA,correct_only,Temperature Scope,699,-1.5304660049497187,0.02041451529168816,-1.530 ± 0.020
LLaMA-3.2 1B,LAMBADA,correct_only,Fisher Scope,699,-1.531090306531937,0.019528883453510497,-1.531 ± 0.020
LLaMA-3.2 1B,IWSLT2017 DE→EN,all,Random,1000,-0.2975460103313337,0.008807004053367358,-0.298 ± 0.009
LLaMA-3.2 1B,IWSLT2017 DE→EN,all,Integrated Gradients,1000,-0.9347862686197665,0.01591407800727414,-0.935 ± 0.016
LLaMA-3.2 1B,IWSLT2017 DE→EN,all,Input × Gradient,1000,-1.0433891860644202,0.016861438505412274,-1.043 ± 0.017
LLaMA-3.2 1B,IWSLT2017 DE→EN,all,Semantic Scope,1000,-1.0573773714655939,0.016798962702669392,-1.057 ± 0.017
LLaMA-3.2 1B,IWSLT2017 DE→EN,all,Temperature Scope,1000,-1.0928041070221792,0.01618915432870012,-1.093 ± 0.016
LLaMA-3.2 1B,IWSLT2017 DE→EN,all,Fisher Scope,1000,-1.0793149470088523,0.01643459114449013,-1.079 ± 0.016
LLaMA-3.2 1B,IWSLT2017 DE→EN,correct_only,Random,726,-0.29881603378363697,0.010656493675785765,-0.299 ± 0.011
LLaMA-3.2 1B,IWSLT2017 DE→EN,correct_only,Integrated Gradients,726,-0.9623064257160816,0.018948214632173114,-0.962 ± 0.019
LLaMA-3.2 1B,IWSLT2017 DE→EN,correct_only,Input × Gradient,726,-1.1185867551841644,0.019460782091139855,-1.119 ± 0.019
LLaMA-3.2 1B,IWSLT2017 DE→EN,correct_only,Semantic Scope,726,-1.123540053639061,0.01979176634807608,-1.124 ± 0.020
LLaMA-3.2 1B,IWSLT2017 DE→EN,correct_only,Temperature Scope,726,-1.1582391354239163,0.019024593799323856,-1.158 ± 0.019
LLaMA-3.2 1B,IWSLT2017 DE→EN,correct_only,Fisher Scope,726,-1.1408922409755478,0.019207193404890497,-1.141 ± 0.019
LLaMA-3.2 3B,LAMBADA,all,Random,1000,-0.22887547171095912,0.008009425274386438,-0.229 ± 0.008
LLaMA-3.2 3B,LAMBADA,all,Integrated Gradients,1000,-0.6721270452265385,0.015451316356902178,-0.672 ± 0.015
LLaMA-3.2 3B,LAMBADA,all,Input × Gradient,1000,-1.1194740568174113,0.018786047186910158,-1.119 ± 0.019
LLaMA-3.2 3B,LAMBADA,all,Semantic Scope,1000,-1.1622522173192662,0.019070808113850615,-1.162 ± 0.019
LLaMA-3.2 3B,LAMBADA,all,Temperature Scope,1000,-1.1726135761963048,0.01940778242796015,-1.173 ± 0.019
LLaMA-3.2 3B,LAMBADA,all,Fisher Scope,1000,-1.1745756812389538,0.018327090290251355,-1.175 ± 0.018
LLaMA-3.2 3B,LAMBADA,correct_only,Random,775,-0.24978291181172776,0.009675948807407552,-0.250 ± 0.010
LLaMA-3.2 3B,LAMBADA,correct_only,Integrated Gradients,775,-0.7537290157665817,0.017884130106314632,-0.754 ± 0.018
LLaMA-3.2 3B,LAMBADA,correct_only,Input × Gradient,775,-1.2870283303479595,0.019045223763645935,-1.287 ± 0.019
LLaMA-3.2 3B,LAMBADA,correct_only,Semantic Scope,775,-1.3255217380250093,0.019504710940039027,-1.326 ± 0.020
LLaMA-3.2 3B,LAMBADA,correct_only,Temperature Scope,775,-1.3241114296997065,0.02064568445556128,-1.324 ± 0.021
LLaMA-3.2 3B,LAMBADA,correct_only,Fisher Scope,775,-1.311737200195699,0.01942610772152755,-1.312 ± 0.019
LLaMA-3.2 3B,IWSLT2017 DE→EN,all,Random,1000,-0.18684626200453625,0.006977457430382653,-0.187 ± 0.007
LLaMA-3.2 3B,IWSLT2017 DE→EN,all,Integrated Gradients,1000,-0.576434507016418,0.014368776008565697,-0.576 ± 0.014
LLaMA-3.2 3B,IWSLT2017 DE→EN,all,Input × Gradient,1000,-0.7684759494200534,0.01664790207117006,-0.768 ± 0.017
LLaMA-3.2 3B,IWSLT2017 DE→EN,all,Semantic Scope,1000,-0.776613416097093,0.016909320225475158,-0.777 ± 0.017
LLaMA-3.2 3B,IWSLT2017 DE→EN,all,Temperature Scope,1000,-0.7598348322512999,0.016777362805906148,-0.760 ± 0.017
LLaMA-3.2 3B,IWSLT2017 DE→EN,all,Fisher Scope,1000,-0.7969402451735291,0.017032002507984558,-0.797 ± 0.017
LLaMA-3.2 3B,IWSLT2017 DE→EN,correct_only,Random,754,-0.18171726035352548,0.007930981824701219,-0.182 ± 0.008
LLaMA-3.2 3B,IWSLT2017 DE→EN,correct_only,Integrated Gradients,754,-0.5851369099150033,0.01686258562831436,-0.585 ± 0.017
LLaMA-3.2 3B,IWSLT2017 DE→EN,correct_only,Input × Gradient,754,-0.7964393339653847,0.01981723102965569,-0.796 ± 0.020
LLaMA-3.2 3B,IWSLT2017 DE→EN,correct_only,Semantic Scope,754,-0.806142884294043,0.01992031853303774,-0.806 ± 0.020
LLaMA-3.2 3B,IWSLT2017 DE→EN,correct_only,Temperature Scope,754,-0.7909963227562765,0.019843546232682117,-0.791 ± 0.020
LLaMA-3.2 3B,IWSLT2017 DE→EN,correct_only,Fisher Scope,754,-0.8271294848270779,0.019866025484686092,-0.827 ± 0.020
Qwen2.5 1.5B,LAMBADA,all,Random,1000,-0.3491672275458102,0.010779445605043427,-0.349 ± 0.011
Qwen2.5 1.5B,LAMBADA,all,Integrated Gradients,1000,-1.7138691841079459,0.021744168438543293,-1.714 ± 0.022
Qwen2.5 1.5B,LAMBADA,all,Input × Gradient,1000,-1.719853476168455,0.02172761303374597,-1.720 ± 0.022
Qwen2.5 1.5B,LAMBADA,all,Semantic Scope,1000,-1.6820911783434986,0.02195180582404984,-1.682 ± 0.022
Qwen2.5 1.5B,LAMBADA,all,Temperature Scope,1000,-1.8606996065251715,0.019983775585448407,-1.861 ± 0.020
Qwen2.5 1.5B,LAMBADA,all,Fisher Scope,1000,-1.7747622886842653,0.020100349632512223,-1.775 ± 0.020
Qwen2.5 1.5B,LAMBADA,correct_only,Random,700,-0.3853470092214394,0.013505918465090009,-0.385 ± 0.014
Qwen2.5 1.5B,LAMBADA,correct_only,Integrated Gradients,700,-1.9122902463960028,0.022723736751219963,-1.912 ± 0.023
Qwen2.5 1.5B,LAMBADA,correct_only,Input × Gradient,700,-1.9202717276937427,0.02266946792853033,-1.920 ± 0.023
Qwen2.5 1.5B,LAMBADA,correct_only,Semantic Scope,700,-1.8924487121143212,0.02224036101514575,-1.892 ± 0.022
Qwen2.5 1.5B,LAMBADA,correct_only,Temperature Scope,700,-2.0215435424755994,0.021181804960154108,-2.022 ± 0.021
Qwen2.5 1.5B,LAMBADA,correct_only,Fisher Scope,700,-1.9210124980746868,0.02203531609715776,-1.921 ± 0.022
Qwen2.5 1.5B,IWSLT2017 DE→EN,all,Random,1000,-0.24987690977175447,0.0077623776354788935,-0.250 ± 0.008
Qwen2.5 1.5B,IWSLT2017 DE→EN,all,Integrated Gradients,1000,-1.3540497001075862,0.020288716063261245,-1.354 ± 0.020
Qwen2.5 1.5B,IWSLT2017 DE→EN,all,Input × Gradient,1000,-1.3549481553178024,0.02024968161075055,-1.355 ± 0.020
Qwen2.5 1.5B,IWSLT2017 DE→EN,all,Semantic Scope,1000,-1.2395019127053946,0.02014009361097798,-1.240 ± 0.020
Qwen2.5 1.5B,IWSLT2017 DE→EN,all,Temperature Scope,1000,-1.3801256235975519,0.02001214319211027,-1.380 ± 0.020
Qwen2.5 1.5B,IWSLT2017 DE→EN,all,Fisher Scope,1000,-1.3768525270432475,0.020187039504941922,-1.377 ± 0.020
Qwen2.5 1.5B,IWSLT2017 DE→EN,correct_only,Random,736,-0.24493864491448678,0.009116599442751613,-0.245 ± 0.009
Qwen2.5 1.5B,IWSLT2017 DE→EN,correct_only,Integrated Gradients,736,-1.4238452494313656,0.023410481467802686,-1.424 ± 0.023
Qwen2.5 1.5B,IWSLT2017 DE→EN,correct_only,Input × Gradient,736,-1.4209061753378998,0.02341610212648507,-1.421 ± 0.023
Qwen2.5 1.5B,IWSLT2017 DE→EN,correct_only,Semantic Scope,736,-1.2840067444964927,0.023517468723876295,-1.284 ± 0.024
Qwen2.5 1.5B,IWSLT2017 DE→EN,correct_only,Temperature Scope,736,-1.4463206055839506,0.02303619827997987,-1.446 ± 0.023
Qwen2.5 1.5B,IWSLT2017 DE→EN,correct_only,Fisher Scope,736,-1.446605150451481,0.023431258497154793,-1.447 ± 0.023
Qwen2.5 3B,LAMBADA,all,Random,1000,-0.2934579008631701,0.010122156222505712,-0.293 ± 0.010
Qwen2.5 3B,LAMBADA,all,Integrated Gradients,1000,-1.3862201405202346,0.019250213519914915,-1.386 ± 0.019
Qwen2.5 3B,LAMBADA,all,Input × Gradient,1000,-1.3920685987484944,0.01909969297426967,-1.392 ± 0.019
Qwen2.5 3B,LAMBADA,all,Semantic Scope,1000,-1.335861623962342,0.019528087278136513,-1.336 ± 0.020
Qwen2.5 3B,LAMBADA,all,Temperature Scope,1000,-1.5536560135562574,0.01768778684648671,-1.554 ± 0.018
Qwen2.5 3B,LAMBADA,all,Fisher Scope,1000,-1.4101649222364139,0.01835053946578927,-1.410 ± 0.018
Qwen2.5 3B,LAMBADA,correct_only,Random,725,-0.3266729414390226,0.013016208550042478,-0.327 ± 0.013
Qwen2.5 3B,LAMBADA,correct_only,Integrated Gradients,725,-1.5908492998795938,0.018398075748573512,-1.591 ± 0.018
Qwen2.5 3B,LAMBADA,correct_only,Input × Gradient,725,-1.6009687432206559,0.01796498917210934,-1.601 ± 0.018
Qwen2.5 3B,LAMBADA,correct_only,Semantic Scope,725,-1.55131236776135,0.01857357914327621,-1.551 ± 0.019
Qwen2.5 3B,LAMBADA,correct_only,Temperature Scope,725,-1.7492147632609472,0.01643023822787832,-1.749 ± 0.016
Qwen2.5 3B,LAMBADA,correct_only,Fisher Scope,725,-1.5896531511374912,0.0185766604829396,-1.590 ± 0.019
Qwen2.5 3B,IWSLT2017 DE→EN,all,Random,500,-0.20249516988763935,0.010897335385798868,-0.202 ± 0.011
Qwen2.5 3B,IWSLT2017 DE→EN,all,Integrated Gradients,500,-1.1107995511766218,0.02411680136160442,-1.111 ± 0.024
Qwen2.5 3B,IWSLT2017 DE→EN,all,Input × Gradient,500,-1.1130705134475298,0.02412797107852189,-1.113 ± 0.024
Qwen2.5 3B,IWSLT2017 DE→EN,all,Semantic Scope,500,-1.0100983367948952,0.025216942464605534,-1.010 ± 0.025
Qwen2.5 3B,IWSLT2017 DE→EN,all,Temperature Scope,500,-1.2013593130014415,0.023198869481752624,-1.201 ± 0.023
Qwen2.5 3B,IWSLT2017 DE→EN,all,Fisher Scope,500,-1.1553582403290827,0.024113225490451074,-1.155 ± 0.024
Qwen2.5 3B,IWSLT2017 DE→EN,correct_only,Random,366,-0.19762153669871624,0.01297674634417635,-0.198 ± 0.013
Qwen2.5 3B,IWSLT2017 DE→EN,correct_only,Integrated Gradients,366,-1.1758293626042011,0.028256484313024913,-1.176 ± 0.028
Qwen2.5 3B,IWSLT2017 DE→EN,correct_only,Input × Gradient,366,-1.178913855263311,0.028253456184248786,-1.179 ± 0.028
Qwen2.5 3B,IWSLT2017 DE→EN,correct_only,Semantic Scope,366,-1.0393341452869567,0.03058937797585427,-1.039 ± 0.031
Qwen2.5 3B,IWSLT2017 DE→EN,correct_only,Temperature Scope,366,-1.2688106101314862,0.026510510471547295,-1.269 ± 0.027
Qwen2.5 3B,IWSLT2017 DE→EN,correct_only,Fisher Scope,366,-1.2240179344701012,0.02764473139787626,-1.224 ± 0.028
Gemma-3 1B,LAMBADA,all,Random,1000,-0.4179854223612916,0.011621370862628566,-0.418 ± 0.012
Gemma-3 1B,LAMBADA,all,Integrated Gradients,1000,-0.6389502968370648,0.017419265453078085,-0.639 ± 0.017
Gemma-3 1B,LAMBADA,all,Input × Gradient,1000,-1.5614356991035985,0.02171739848726825,-1.561 ± 0.022
Gemma-3 1B,LAMBADA,all,Semantic Scope,1000,-1.6353248971769703,0.021698490125776047,-1.635 ± 0.022
Gemma-3 1B,LAMBADA,all,Temperature Scope,1000,-1.6617659340107933,0.021011351201283262,-1.662 ± 0.021
Gemma-3 1B,LAMBADA,all,Fisher Scope,1000,-1.6698912421791003,0.020052816344570134,-1.670 ± 0.020
Gemma-3 1B,LAMBADA,correct_only,Random,592,-0.4876850276191562,0.016081217835059527,-0.488 ± 0.016
Gemma-3 1B,LAMBADA,correct_only,Integrated Gradients,592,-0.75578727520293,0.024288327837864093,-0.756 ± 0.024
Gemma-3 1B,LAMBADA,correct_only,Input × Gradient,592,-1.8956317142794434,0.020488779574219167,-1.896 ± 0.020
Gemma-3 1B,LAMBADA,correct_only,Semantic Scope,592,-1.98234407205445,0.019867111093480643,-1.982 ± 0.020
Gemma-3 1B,LAMBADA,correct_only,Temperature Scope,592,-1.9814775086747605,0.019947001684370535,-1.981 ± 0.020
Gemma-3 1B,LAMBADA,correct_only,Fisher Scope,592,-1.964313909720108,0.019696974890458054,-1.964 ± 0.020
Gemma-3 1B,IWSLT2017 DE→EN,all,Random,1000,-0.4054545447831877,0.01068678636167439,-0.405 ± 0.011
Gemma-3 1B,IWSLT2017 DE→EN,all,Integrated Gradients,1000,-0.9077034315736418,0.01706224689157728,-0.908 ± 0.017
Gemma-3 1B,IWSLT2017 DE→EN,all,Input × Gradient,1000,-1.3558497609988995,0.016849364953689747,-1.356 ± 0.017
Gemma-3 1B,IWSLT2017 DE→EN,all,Semantic Scope,1000,-1.302387386917859,0.017181742948949093,-1.302 ± 0.017
Gemma-3 1B,IWSLT2017 DE→EN,all,Temperature Scope,1000,-1.2901478030640114,0.017159195637032842,-1.290 ± 0.017
Gemma-3 1B,IWSLT2017 DE→EN,all,Fisher Scope,1000,-1.392636063633461,0.016735293761795618,-1.393 ± 0.017
Gemma-3 1B,IWSLT2017 DE→EN,correct_only,Random,735,-0.4055577438775648,0.012379195839296411,-0.406 ± 0.012
Gemma-3 1B,IWSLT2017 DE→EN,correct_only,Integrated Gradients,735,-0.9164738104008914,0.02031648968368422,-0.916 ± 0.020
Gemma-3 1B,IWSLT2017 DE→EN,correct_only,Input × Gradient,735,-1.4353406270720401,0.01888556311560062,-1.435 ± 0.019
Gemma-3 1B,IWSLT2017 DE→EN,correct_only,Semantic Scope,735,-1.3639774879449225,0.019736136486592136,-1.364 ± 0.020
Gemma-3 1B,IWSLT2017 DE→EN,correct_only,Temperature Scope,735,-1.3580866319970568,0.019372054119903764,-1.358 ± 0.019
Gemma-3 1B,IWSLT2017 DE→EN,correct_only,Fisher Scope,735,-1.4719512383156697,0.01863555680097601,-1.472 ± 0.019
Gemma-3 4B,LAMBADA,all,Random,1000,-0.2906461419601474,0.01037791328730395,-0.291 ± 0.010
Gemma-3 4B,LAMBADA,all,Integrated Gradients,1000,-1.4304620565550095,0.025349958921157403,-1.430 ± 0.025
Gemma-3 4B,LAMBADA,all,Input × Gradient,1000,-1.7041862462301347,0.02705041672202762,-1.704 ± 0.027
Gemma-3 4B,LAMBADA,all,Semantic Scope,1000,-1.7748258049641346,0.026661810952429216,-1.775 ± 0.027
Gemma-3 4B,LAMBADA,all,Temperature Scope,1000,-1.7780498669263747,0.027004623522376186,-1.778 ± 0.027
Gemma-3 4B,LAMBADA,all,Fisher Scope,1000,-1.8143643172972443,0.02552301234113117,-1.814 ± 0.026
Gemma-3 4B,LAMBADA,correct_only,Random,752,-0.33069937537787336,0.012852262827222457,-0.331 ± 0.013
Gemma-3 4B,LAMBADA,correct_only,Integrated Gradients,752,-1.6217979122046966,0.028309998289120456,-1.622 ± 0.028
Gemma-3 4B,LAMBADA,correct_only,Input × Gradient,752,-1.9965062002015541,0.026323484516133627,-1.997 ± 0.026
Gemma-3 4B,LAMBADA,correct_only,Semantic Scope,752,-2.063760881434871,0.025747817836879103,-2.064 ± 0.026
Gemma-3 4B,LAMBADA,correct_only,Temperature Scope,752,-2.0604675038404143,0.026975198680282128,-2.060 ± 0.027
Gemma-3 4B,LAMBADA,correct_only,Fisher Scope,752,-2.073124516806191,0.025533865593759243,-2.073 ± 0.026
Gemma-3 4B,IWSLT2017 DE→EN,all,Random,1000,-0.18091971916809452,0.006920747036192103,-0.181 ± 0.007
Gemma-3 4B,IWSLT2017 DE→EN,all,Integrated Gradients,1000,-1.2084628945538822,0.017666294906149668,-1.208 ± 0.018
Gemma-3 4B,IWSLT2017 DE→EN,all,Input × Gradient,1000,-1.1707661947240167,0.01840299491033774,-1.171 ± 0.018
Gemma-3 4B,IWSLT2017 DE→EN,all,Semantic Scope,1000,-1.055343484602501,0.01876096170826177,-1.055 ± 0.019
Gemma-3 4B,IWSLT2017 DE→EN,all,Temperature Scope,1000,-0.9929983584454156,0.01837822738197074,-0.993 ± 0.018
Gemma-3 4B,IWSLT2017 DE→EN,all,Fisher Scope,1000,-1.1964729113017607,0.018200056234494732,-1.196 ± 0.018
Gemma-3 4B,IWSLT2017 DE→EN,correct_only,Random,767,-0.18013288786204665,0.008019301720703406,-0.180 ± 0.008
Gemma-3 4B,IWSLT2017 DE→EN,correct_only,Integrated Gradients,767,-1.239047480560724,0.020186241122876376,-1.239 ± 0.020
Gemma-3 4B,IWSLT2017 DE→EN,correct_only,Input × Gradient,767,-1.2380436470695728,0.020799665059280305,-1.238 ± 0.021
Gemma-3 4B,IWSLT2017 DE→EN,correct_only,Semantic Scope,767,-1.089732274406194,0.021820629544136584,-1.090 ± 0.022
Gemma-3 4B,IWSLT2017 DE→EN,correct_only,Temperature Scope,767,-1.0388942813144824,0.021175529834554584,-1.039 ± 0.021
Gemma-3 4B,IWSLT2017 DE→EN,correct_only,Fisher Scope,767,-1.2474715958547846,0.020664101619318045,-1.247 ± 0.021
