alpha,bos_1_mass,bos_2_mass,bos_plus_2_content_mass
0.01,0.5133292078971863,0.5865195989608765,0.7148451805114746
0.02,0.2988508343696594,0.4001029133796692,0.569512665271759
0.03,0.35796576738357544,0.5981391668319702,0.7421598434448242
0.04,0.10354072600603104,0.1449836641550064,0.2585044503211975
0.05,0.07218589633703232,0.11550670117139816,0.22358237206935883
0.060000000000000005,0.09714669734239578,0.2373303920030594,0.34262755513191223
0.06999999999999999,0.054984088987112045,0.0997980386018753,0.1808946579694748
0.08,0.0677710697054863,0.17462456226348877,0.2749279737472534
0.09,0.07311134040355682,0.14292462170124054,0.2423699051141739
0.09999999999999999,0.06767231971025467,0.14479005336761475,0.24988208711147308
0.11,0.07705184072256088,0.18966352939605713,0.3035636842250824
0.12,0.12072397768497467,0.24168822169303894,0.35087066888809204
0.13,0.12563879787921906,0.2479749172925949,0.3436680734157562
0.14,0.11202383786439896,0.2267594039440155,0.3187355399131775
0.15000000000000002,0.08631283789873123,0.19585683941841125,0.2883482575416565
0.16,0.06994906812906265,0.17514461278915405,0.2613348066806793
0.17,0.07329295575618744,0.1721602976322174,0.25728729367256165
0.18000000000000002,0.07946112006902695,0.17622776329517365,0.27432385087013245
0.19,0.08210298418998718,0.18027985095977783,0.3039306700229645
0.2,0.08215583115816116,0.17959754168987274,0.33351215720176697
0.21000000000000002,0.07966355234384537,0.17349238693714142,0.3488331437110901
0.22,0.0759890154004097,0.16562941670417786,0.3465108573436737
0.23,0.07269424945116043,0.15882723033428192,0.332899808883667
0.24000000000000002,0.07261974364519119,0.1579127162694931,0.3203199505805969
0.25,0.08048789203166962,0.1695953905582428,0.31271636486053467
0.26,0.10059074312448502,0.1953427642583847,0.303442120552063
0.27,0.11397888511419296,0.21185302734375,0.2933020293712616
0.28,0.10968682914972305,0.20274922251701355,0.29819002747535706
0.29000000000000004,0.08529706299304962,0.16549097001552582,0.311278760433197
0.3,0.06657739728689194,0.13333359360694885,0.32831552624702454
0.31,0.07278873026371002,0.13972508907318115,0.36529406905174255
0.32,0.0945652648806572,0.16846853494644165,0.408430814743042
0.33,0.11127293109893799,0.18792489171028137,0.4192715287208557
0.34,0.11531706154346466,0.19154448807239532,0.4008336663246155
0.35000000000000003,0.10847960412502289,0.18175464868545532,0.3633629381656647
0.36000000000000004,0.10251092165708542,0.17237943410873413,0.32887884974479675
0.37,0.09984159469604492,0.1668536514043808,0.3082330524921417
0.38,0.08903791010379791,0.1511746048927307,0.27584412693977356
0.39,0.07127664238214493,0.12461846321821213,0.22635474801063538
0.4,0.05415254458785057,0.09961409866809845,0.18903017044067383
0.41000000000000003,0.04610655456781387,0.08964251726865768,0.18179011344909668
0.42000000000000004,0.04589551314711571,0.09101363271474838,0.18867893517017365
0.43,0.04832199215888977,0.09562649577856064,0.1958039551973343
0.44,0.051244985312223434,0.10044769942760468,0.20071837306022644
0.45,0.05367990955710411,0.1042243167757988,0.20341064035892487
0.46,0.05492322891950607,0.10610469430685043,0.20390081405639648
0.47000000000000003,0.05484544485807419,0.10594886541366577,0.202466681599617
0.48000000000000004,0.05372980237007141,0.10415748506784439,0.19959770143032074
0.49,0.05198844149708748,0.10131943225860596,0.1958530694246292
0.5,0.050005849450826645,0.09800273180007935,0.19178776443004608
0.51,0.04807232320308685,0.09465797990560532,0.1878834366798401
0.52,0.04636579751968384,0.09158331155776978,0.18449093401432037
0.53,0.044964537024497986,0.08893479406833649,0.18182273209095
0.54,0.04388056695461273,0.08677007257938385,0.17999592423439026
0.55,0.04309146851301193,0.08509121835231781,0.17907339334487915
0.56,0.042562808841466904,0.0838753953576088,0.17908325791358948
0.5700000000000001,0.042255982756614685,0.08308365195989609,0.18001089990139008
0.5800000000000001,0.04212852567434311,0.08265925198793411,0.1817825883626938
0.59,0.042132146656513214,0.08252402395009995,0.18425999581813812
0.6,0.042213261127471924,0.0825810506939888,0.1872534602880478
0.61,0.04231690242886543,0.08272390812635422,0.19054806232452393
0.62,0.04239466041326523,0.08285411447286606,0.1939387023448944
0.63,0.04241045191884041,0.08289413899183273,0.19725564122200012
0.64,0.04234405606985092,0.08279593288898468,0.2003784477710724
0.65,0.042189836502075195,0.08253969252109528,0.20323728024959564
0.66,0.041954025626182556,0.08212979137897491,0.20580585300922394
0.67,0.04164928197860718,0.0815843939781189,0.20808738470077515
0.68,0.04129084572196007,0.08092857152223587,0.21010100841522217
0.6900000000000001,0.04089318588376045,0.08018758147954941,0.21187306940555573
0.7000000000000001,0.04046781733632088,0.07938230782747269,0.21342800557613373
0.7100000000000001,0.04002346470952034,0.07852936536073685,0.2147865891456604
0.72,0.03956611827015877,0.07764085382223129,0.21596527099609375
0.73,0.03909946605563164,0.07672502845525742,0.21697621047496796
0.74,0.03862621635198593,0.0757884755730629,0.21782870590686798
0.75,0.038148559629917145,0.07483694702386856,0.2185313105583191
0.76,0.03766825422644615,0.07387552410364151,0.2190910130739212
0.77,0.0371878445148468,0.07291057705879211,0.21951651573181152
0.78,0.036709558218717575,0.07194801419973373,0.21981516480445862
0.79,0.03623632341623306,0.07099484652280807,0.219996839761734
0.8,0.03577065467834473,0.07005706429481506,0.22006884217262268
0.81,0.03531524911522865,0.06914106756448746,0.22004002332687378
0.8200000000000001,0.03487246856093407,0.06825220584869385,0.21991735696792603
0.8300000000000001,0.034444235265254974,0.06739501655101776,0.21970804035663605
0.8400000000000001,0.03403228893876076,0.06657324731349945,0.21941791474819183
0.85,0.03363762050867081,0.06578925997018814,0.2190522998571396
0.86,0.033260785043239594,0.0650443583726883,0.21861521899700165
0.87,0.03290226683020592,0.06433941423892975,0.21811074018478394
0.88,0.03256181627511978,0.0636739432811737,0.21754179894924164
0.89,0.032238952815532684,0.06304682791233063,0.21691210567951202
0.9,0.03193303197622299,0.062456682324409485,0.21622343361377716
0.91,0.03164323791861534,0.0619015097618103,0.21547938883304596
0.92,0.03136858716607094,0.06137919798493385,0.21468274295330048
0.93,0.031108060851693153,0.060887403786182404,0.21383672952651978
0.9400000000000001,0.030860649421811104,0.060423869639635086,0.21294493973255157
0.9500000000000001,0.030625343322753906,0.059986263513565063,0.2120114117860794
0.9600000000000001,0.030401114374399185,0.05957232043147087,0.21103985607624054
0.97,0.030187029391527176,0.0591798759996891,0.21003440022468567
0.98,0.02998228743672371,0.05880722776055336,0.2090001404285431
0.99,0.02978602796792984,0.05845233052968979,0.207941472530365
1.0,0.029597565531730652,0.05811367928981781,0.2068631947040558
